fetch date,short codes,number of likes,number of video views,number of comments
03/11/21,CMK2rTdhOGy,4478,,64
03/11/21,CMNzPy6rbxO,6036,,92
03/11/21,CMNTcGaMM30,22142,,255
03/11/21,CMLAuDlB6Ci,2743,21937.0,221
03/11/21,CMPxDSdAWZy,31804,128733.0,808
03/11/21,CMIOLLzAMzK,1579,,25
03/11/21,CMQDb8SnLEZ,5234,,47
03/11/21,CMKvm2vsNXm,2387,12860.0,43
03/11/21,CMPn_DRASba,43879,,600
03/11/21,CMQyrw0lTxI,1565,10904.0,25
03/11/21,CMP1s2vMH8S,5056,43474.0,174
03/11/21,CMNep43A6OV,2896,,26
03/11/21,CL9tTfVp8Ly,6926,34138.0,129
03/11/21,CL-Pmz6hmO4,22830,,224
03/11/21,CMA7VY8hVnb,3345,,51
03/11/21,CMF-CvVAnxL,6961,,93
03/11/21,CMDZNYkjBVV,1599,12788.0,43
03/11/21,CMAtmHWg07c,3118,,61
03/11/21,CMBMavVMFT9,1752,15072.0,51
03/11/21,CL-KVIVAOEl,3257,,50
03/11/21,CL-We-Dn4Xp,7142,72965.0,173
03/11/21,CMDSYLIMbb5,1863,,17
03/11/21,CL-B6sUBi_s,2812,,36
03/11/21,CMAY_XwM18O,5343,59154.0,128
03/11/21,CL0REbAgUDt,4671,,133
03/11/21,CLxei8bLqUn,2379,20221.0,71
03/11/21,CL7WNmtAe_j,3897,,71
03/11/21,CL5M7bPAuM4,3211,19464.0,94
03/11/21,CL21PO2glwN,10854,,142
03/11/21,CLzaLl0ru07,8381,,91
03/11/21,CL7q6BzBS6C,10326,,133
03/11/21,CL7KGlcHtt_,45284,,987
03/11/21,CLz1oa5B1tn,5440,,88
03/11/21,CLxQxltAhsO,8561,,52
03/11/21,CL2hkEJliga,12113,,192
03/11/21,CL5CmH8he6L,5904,,39
03/11/21,CLu04pbh8nH,2361,15252.0,59
03/11/21,CLrrzA1sg4s,4160,,30
03/11/21,CLp3FRXjXmz,3986,,97
03/11/21,CLr9BtHhuhh,3576,20257.0,55
03/11/21,CLw8MHWMi67,4870,32879.0,137
03/11/21,CLw1UMhMTkN,3048,,26
03/11/21,CLxDCigH1Lb,5548,,103
03/11/21,CLulwTXhauh,2295,16634.0,41
03/11/21,CLxM7JGhI2_,3651,,41
03/11/21,CLsHRYxg0Cc,6106,,113
03/11/21,CLu2v2_jduT,4967,28509.0,74
03/11/21,CLuQhAfMIXe,18945,,248
03/11/21,CLppPxWg7mN,2311,,929
03/11/21,CLhYiG2Dvpj,4131,,69
03/11/21,CLpiz5Tsrpy,3805,20772.0,100
03/11/21,CLfIYhtF9OV,6223,,108
03/11/21,CLmiHA9H8LW,21247,,590
03/11/21,CLewZ4VskSd,2361,16937.0,36
03/11/21,CLcqciwh3cP,4616,44901.0,232
03/11/21,CLmv2HSF8sZ,2802,25579.0,80
03/11/21,CLcIjFrgduH,26510,114872.0,595
03/11/21,CLkYzqwLWTx,4671,41306.0,101
03/11/21,CLpIlqqsNHG,2572,21671.0,89
03/11/21,CLiPqiNjPvO,13493,,129
03/11/21,CLU1PuELlRY,11149,,222
03/11/21,CLZjYBTDOnk,3332,26717.0,75
03/11/21,CLaaOckgX4B,2928,,68
03/11/21,CLZ-zAkA1Wt,4536,,108
03/11/21,CLZ0GzxMdu_,6735,34053.0,544
03/11/21,CLXhWNhg1_n,14036,,165
03/11/21,CLXunGXBRYs,5341,,89
03/11/21,CLSQKs3gBel,3178,35120.0,124
03/11/21,CLSCprNgvP8,7694,,80
03/11/21,CLaMebwlJVi,4727,,135
03/11/21,CLXTFflBLA8,2429,16749.0,51
03/11/21,CLUnbK_l573,9191,,213
03/11/21,CLPkst-AfpA,9956,,161
03/11/21,CLPW9u4g5N3,7720,,136
03/11/21,CLNiSuEBEyW,3802,27855.0,141
03/11/21,CLKo3mpj6GU,2511,35484.0,89
03/11/21,CLQUy_NFaEb,7460,,95
03/11/21,CLR7zQCMZSd,3895,,44
03/11/21,CLK2lIGsHbY,2715,,41
03/11/21,CLLEUT3DljP,3022,22489.0,96
03/11/21,CLMsjKEgLAB,4712,47456.0,166
03/11/21,CLRxNebA6-F,116904,2109135.0,4020
03/11/21,CLNDVsFjRn7,3780,,50
03/11/21,CLMdmdmDxIC,5696,,126
03/11/21,CLKXq8XMpJT,11694,106994.0,283
03/11/21,CLHlJf0nd8t,3241,21398.0,83
03/11/21,CLDV8Nvjb0L,2829,19474.0,132
03/11/21,CLIHgLcFWky,2241,14616.0,87
03/11/21,CLHwAazgXwh,2077,,69
03/11/21,CLJ_r1FH5U2,17629,87596.0,1226
03/11/21,CLASOYVAymV,10323,,157
03/11/21,CLKUUDzj_GA,2130,,28
03/11/21,CLHor4TDJL5,3088,,53
03/11/21,CLFg9y4s6B3,7250,,1501
03/11/21,CLClpNHAWkE,3162,30930.0,61
03/11/21,CLC6iP6MyKN,5273,,58
03/11/21,CLABFVkjs7U,7870,,81
03/11/21,CK7ByBblRSF,6668,,691
03/11/21,CK4St-BAsi_,2698,,38
03/11/21,CKzWz3YBnU1,2537,22226.0,67
03/11/21,CK10wH8gwAi,7922,,144
03/11/21,CK7S4UigxI2,2676,,73
03/11/21,CK9jOYesU0A,13316,,299
03/11/21,CK9qADUAqAU,8148,,172
03/11/21,CKzCRMwAyZK,4286,38906.0,124
03/11/21,CK4ZizTJnxA,3225,31421.0,155
03/11/21,CKzdu_yM5w0,4479,35908.0,151
03/11/21,CK6wnU9jw3m,4185,,99
03/11/21,CKo2qykDJVr,12476,75161.0,178
03/11/21,CKxGrDdjKoL,6712,,276
03/11/21,CKpKk1QBp7H,3708,40513.0,143
03/11/21,CKwrM5vhSVo,2860,,56
03/11/21,CKuC9gHs1oe,2313,22829.0,62
03/11/21,CKt_cecgJw7,6195,,113
03/11/21,CKwWpI1sTBS,5624,,192
03/11/21,CKovGcDnQTe,3309,29020.0,339
03/11/21,CKpAYIPAjZ9,12485,,191
03/11/21,CKw48niFrZ7,6799,,89
03/11/21,CKrhn4LD6pK,10668,,153
03/11/21,CKo8zlAA9u9,5044,,59
03/11/21,CKme7TZsJrW,1505,13983.0,108
03/11/21,CKhp7yKA_Tz,4083,,92
03/11/21,CKeix4LDXXj,2661,37090.0,87
03/11/21,CKcE0ZoH364,4372,41783.0,100
03/11/21,CKmDehiFH44,8861,66456.0,188
03/11/21,CKmiVpZAEnM,42028,,242
03/11/21,CKmYNc0BlHg,6874,,126
03/11/21,CKhIkGasm0b,3355,40577.0,111
03/11/21,CKhjifSgQCL,2771,23666.0,95
03/11/21,CKepp_7MJrA,3338,73935.0,193
03/11/21,CKjDJNiAx0N,27447,180117.0,808
03/11/21,CKoahISlmO3,60667,,1752
03/11/21,CKXCQVClQMD,4153,,83
03/11/21,CKXfhddsWqk,5595,44340.0,133
03/11/21,CKXI9eAB4Xv,6111,,120
03/11/21,CKb-Y7PFmn0,3252,,34
03/11/21,CKUIuzQgaUr,29796,155700.0,660
03/11/21,CKXlis-nb4Z,6091,,210
03/11/21,CKbzyVhl-1M,46781,478006.0,1325
03/11/21,CKZm6cXs-lL,11975,,188
03/11/21,CKPhbUnMkxS,4299,,385
03/11/21,CKXFgSvAncc,5281,,111
03/11/21,CKZV1nTJ-Hc,4301,,84
03/11/21,CKU4vcnsOiw,1544,17895.0,133
03/11/21,CKE2NeFACOf,3616,,193
03/11/21,CKFK06VBKIp,7368,78048.0,1997
03/11/21,CKPOI5sLBLo,8191,46651.0,207
03/11/21,CKHeox0DFQP,11716,,406
03/11/21,CKHXuArBIwK,19976,128475.0,1156
03/11/21,CKPF8_JJDoB,5175,56483.0,188
03/11/21,CKJ-Sd1BnVP,8784,,144
03/11/21,CKFAijGgz6m,12497,96230.0,330
03/11/21,CKKRGt4FHxg,20268,,395
03/11/21,CKPbIgQFvjq,13891,,190
03/11/21,CKPTyg4s-no,4135,,133
03/11/21,CKMMo0YHyGL,5979,,340
03/11/21,CKCz-KBIxCd,1390,12425.0,200
03/11/21,CKCbwDthwWe,2614,26623.0,499
03/11/21,CJ6R61zoizN,1905,26979.0,143
03/11/21,CKASeAshKYD,4460,,323
03/11/21,CJ6mfw-AJ3K,3483,38109.0,180
03/11/21,CJ6fqE6g77J,5394,50377.0,316
03/11/21,CJ_pLuqILAy,3624,40162.0,252
03/11/21,CKCTlHNsoKO,5347,,211
03/11/21,CJ9b-uHhGE3,2364,24334.0,437
03/11/21,CJ4Ilerovpa,9066,,1656
03/11/21,CJ6t07th_QF,5496,47118.0,501
03/11/21,CJ9LRKIhFvs,13285,,458
03/11/21,CJjbVwKLrcw,13886,,1216
03/11/21,CJmVQUBlFEJ,8155,,705
03/11/21,CJy6YwMDfMJ,1777,28745.0,846
03/11/21,CJojFYrFQnA,2079,25760.0,385
03/11/21,CJrWRiCg53f,2976,34915.0,421
03/11/21,CJhLHvsFghB,8588,,837
03/11/21,CJreUV1DW3h,13238,,1336
03/11/21,CJhEU51spu_,26846,,470
03/11/21,CJg2nAbH4ib,12401,,270
03/11/21,CJoytT5g4y2,6429,,1185
03/11/21,CJq8Jv5ndGY,6364,80771.0,704
03/11/21,CJoskmOFen4,3672,,381
03/11/21,CJSD0idlX1T,2064,,83
03/11/21,CJPCr6klGT1,3442,,97
03/11/21,CJPlH8HJthO,4455,,168
03/11/21,CJb96w2Fu1X,2504,,86
03/11/21,CJeYpqyo1ad,3473,,147
03/11/21,CJW5C59FhpO,9042,,229
03/11/21,CJZc984ltdp,3285,,129
03/11/21,CJT4PA2AeN4,3710,41809.0,91
03/11/21,CJO7q1fFSkC,22092,,194
03/11/21,CJZqj6tg6Zu,7105,,10219
03/11/21,CJcBl8thF2F,15774,,426
03/11/21,CJep1I_rthY,9239,67856.0,348
03/11/21,CJMZBRXFqOQ,3450,,112
03/11/21,CJEopNNlbbr,3009,,54
03/11/21,CJJs3r6AxHh,2418,34087.0,47
03/11/21,CJHUVRlhWun,5484,57099.0,119
03/11/21,CJKNtglM1Vw,4554,,71
03/11/21,CJEa7tYjUmn,15704,,280
03/11/21,CJKUjVUMxcu,2974,28722.0,65
03/11/21,CJOoAgwnOIc,6643,41735.0,411
03/11/21,CJB9D7PIhGE,6268,,10170
03/11/21,CJHNbynFz5_,2136,,68
03/11/21,CJMTnEclbhq,10842,,231
03/11/21,CI_Uv7UoJmX,2876,49606.0,161
03/11/21,CIynFqQgR5E,5588,,110
03/11/21,CIrGeICFwue,7575,,131
03/11/21,CIzJHB8o4NR,33498,,701
03/11/21,CI4It6xH1Vi,6875,,121
03/11/21,CI3wlDcAwu6,6480,,93
03/11/21,CI60UOBIslc,2680,34401.0,150
03/11/21,CIv3_Yko4pS,10266,,258
03/11/21,CI6swr4ovPw,16385,81921.0,1218
03/11/21,CI1S1Dsp5W4,1943,23519.0,112
03/11/21,CI9O-pGjDaW,2895,21802.0,91
03/11/21,CI9IJfPAuiP,11590,,378
03/11/21,CItTMjcI3Q9,8543,,201
03/11/21,CIloRmrHDjY,5426,,145
03/11/21,CIqqBBCjoqC,4098,25554.0,428
03/11/21,CIjY8AQDDWO,1573,16399.0,296
03/11/21,CIoQhGklZfw,1747,17936.0,137
03/11/21,CIo5sLGIEDB,3331,34867.0,289
03/11/21,CIjVeejgV28,5981,,150
03/11/21,CIoGNAqjKJz,1699,12995.0,59
03/11/21,CIlhcB-J1tq,1237,11696.0,144
03/11/21,CIo2Q_JIRyO,4625,36439.0,129
03/11/21,CIg8EQVDLy9,6613,,385
03/11/21,CImKneGo2vJ,5049,28661.0,312
03/11/21,CIgzQDnBgOQ,4801,,10920
03/11/21,CIWm9oHhlIn,1605,15455.0,43
03/11/21,CIW0wndndLX,2677,35515.0,53
03/11/21,CIY3KBXgpar,1884,,36
03/11/21,CIWu3j4MW3x,3128,,55
03/11/21,CIWZS1eB1-7,1395,11450.0,50
03/11/21,CIZSsS_DabY,1483,13561.0,98
03/11/21,CIWJOwHhdCV,35407,211965.0,2151
03/11/21,CIW7n2pgFZY,29408,,281
03/11/21,CITbZr6AspN,8240,47264.0,185
03/11/21,CIbRoobMImb,5663,,463
03/11/21,CIeby0jA2N9,9691,54655.0,240
03/11/21,CIb3ZF9pRNF,1468,18255.0,235
03/11/21,CIEEK3egF5g,6109,,63
03/11/21,CICW2I6gU3J,8815,,183
03/11/21,CIRdTIujwYV,2361,21079.0,61
03/11/21,CIRrEJeMp7T,1313,13365.0,83
03/11/21,CIEldltlbV9,2097,30807.0,64
03/11/21,CIEXqVejaDN,2991,29074.0,85
03/11/21,CIGv2AMAg53,7541,,244
03/11/21,CIO4nGtBhHL,2070,,259
03/11/21,CIGn430Did4,5042,37623.0,176
03/11/21,CIEJ7eGnrGt,1405,15371.0,62
03/11/21,CIOkl4fh1OP,5294,30168.0,515
03/11/21,CILxfGIjjeP,14979,,10775
03/11/21,CH3LIB3szEQ,3880,,102
03/11/21,CICAltEF1wn,2408,26580.0,78
03/11/21,CH3R9Y6LqfD,6910,,69
03/11/21,CH30RbcMup-,2356,25234.0,62
03/11/21,CH9L9FAsUlq,5088,,114
03/11/21,CH58oqkAjo_,5245,,73
03/11/21,CH8px04BKsO,3252,,59
03/11/21,CH-ymA7Dmoq,2065,23799.0,283
03/11/21,CIBsHkBhsnt,1457,13540.0,99
03/11/21,CH8N2BGDQw5,25249,,514
03/11/21,CH_cpx0A3I_,13296,,456
03/11/21,CIBijFGAmBd,1818,35430.0,135
03/11/21,CHyPYLbgCPk,5597,,119
03/11/21,CHtTSUkAb4O,2919,,35
03/11/21,CH02omXg8m4,8115,,130
03/11/21,CH1Fzc5s8Q6,2286,27356.0,75
03/11/21,CH1MELPg3SW,5509,59765.0,275
03/11/21,CH0tJenhix7,16805,,291
03/11/21,CHquh_5A4OU,4513,,82
03/11/21,CHym-GdMBKW,1554,16072.0,473
03/11/21,CHx7_bphWFJ,4424,31589.0,142
03/11/21,CHtCQFeMnZu,2690,,57
03/11/21,CHvPCxUDh7F,1565,36692.0,26
03/11/21,CHyMRrGBXES,1568,19423.0,28
03/11/21,CHjeAukAscK,2135,17674.0,61
03/11/21,CHn1Jr5APQZ,1559,,21
03/11/21,CHlJkMzjWSM,3383,,20
03/11/21,CHoQrb4HgkV,2221,23581.0,51
03/11/21,CHqMPBcAVIV,1635,19975.0,16
03/11/21,CHlXOSTFHHX,3229,,43
03/11/21,CHgLR-xB0lr,1658,34116.0,77
03/11/21,CHqnxQ1BXR5,4967,,126
03/11/21,CHjAdH5guUr,2290,,27
03/11/21,CHiolzwBgzc,7017,,54
03/11/21,CHqTJsjMeSp,2492,16130.0,68
03/11/21,CHbEHuhhK_4,1368,16087.0,56
03/11/21,CHEXhp9AjDt,1986,33999.0,40
03/11/21,CHWPDX0g-A3,1781,16279.0,32
03/11/21,CHISeEcn08b,5076,,205
03/11/21,CHYb8qBhhXW,1117,14749.0,14
03/11/21,CHT0mySBrTk,2032,15440.0,39
03/11/21,CHWjsQSgfDS,1892,10989.0,28
03/11/21,CHYVBQ7lcZ3,6026,42050.0,197
03/11/21,CHV6opbgudu,3598,,45
03/11/21,CHGi4kjhphx,4356,44058.0,198
03/11/21,CHG471QnnsX,3915,,279
03/11/21,CHalPKJBnTj,4305,41347.0,76
03/11/21,CHYfQXmAVxb,10884,,123
03/11/21,CG-vTRzBmK4,3534,,126
03/11/21,CHAxy4OHyIj,1550,12648.0,41
03/11/21,CHD4_nTgzmT,2998,,43
03/11/21,CG_ORO0g6bJ,3817,37975.0,70
03/11/21,CHBGXEIgR7m,4850,,68
03/11/21,CG-9WHpBv3M,1542,13999.0,65
03/11/21,CG-ofLBsb2Q,2067,16173.0,34
03/11/21,CHB4On9AoTk,4788,,51
03/11/21,CG-NHMtgfYj,6254,,77
03/11/21,CHBi4_6B6Ni,4366,,37
03/11/21,CG_RoymgZ_y,2937,,113
03/11/21,CHAudCrM73_,2965,25724.0,109
03/11/21,CG3S6_PhDBy,2326,19349.0,36
03/11/21,CG8SBglhDSU,1796,12608.0,64
03/11/21,CG5e6PZBo3n,2342,,46
03/11/21,CG5WD1NAjQj,1131,8167.0,19
03/11/21,CG2gNUogres,3451,26683.0,91
03/11/21,CG8feZ9gMhh,1975,,43
03/11/21,CG0YISAByX0,14454,,332
03/11/21,CG0fqXxhwuQ,2890,,31
03/11/21,CG3A72qB6k6,1057,7974.0,21
03/11/21,CGyZrPpgcvr,1663,15949.0,39
03/11/21,CG5YEWzAUIc,1776,13368.0,23
03/11/21,CG2zPMpgt7O,2058,,30
03/11/21,CGlc2N3gWvx,1931,,69
03/11/21,CGqTR7Kg0Ur,2989,,37
03/11/21,CGlCyjvh9wH,4796,,35
03/11/21,CGpyrf0AqyI,1440,11916.0,97
03/11/21,CGxwjN5gFrE,2149,21486.0,33
03/11/21,CGvLzQ_gDk2,3677,,48
03/11/21,CGp4MVwgEsu,4224,36635.0,179
03/11/21,CGs7fgMhV8C,1620,13172.0,61
03/11/21,CGvBdY8A4S4,1463,13288.0,38
03/11/21,CGsm-YhhrUl,3109,,139
03/11/21,CGngyOvB9wh,10337,,135
03/11/21,CGqZQ5yh9f1,1403,10934.0,200
03/11/21,CGa5Nzehcjd,1279,10344.0,19
03/11/21,CGYhOjqnL12,7727,,131
03/11/21,CGalUC9hdIN,1559,,19
03/11/21,CGX6OKUJuAJ,1566,12857.0,56
03/11/21,CGf8szYh5Sm,3952,,76
03/11/21,CGfg6t8B35J,3198,,125
03/11/21,CGkqxhJgmg-,9420,198796.0,254
03/11/21,CGc1ktpAUwj,5207,,54
03/11/21,CGXy1frnnTZ,2628,21354.0,53
03/11/21,CGi3koygYvI,7101,,78
03/11/21,CGiGBz3ACsP,4487,29277.0,78
03/11/21,CGianVHhgL5,1924,16231.0,26
03/11/21,CGLsKl_Hjr7,11363,,484
03/11/21,CGQD99vnjND,4893,,346
03/11/21,CGVtJj-pgy5,4452,28531.0,140
03/11/21,CGF5R_wJNkL,1766,16286.0,50
03/11/21,CGSzb2eJ1pf,4374,,73
03/11/21,CGFqcdjn7jM,6004,58688.0,298
03/11/21,CGVYnKNgclz,2608,,57
03/11/21,CGXlH34ns7l,3782,,43
03/11/21,CGK0A5jpoec,6066,37169.0,235
03/11/21,CGTEp7LJ_vf,2182,,133
03/11/21,CGQchP2HhOJ,2682,27739.0,166
03/11/21,CGSixy6HaE_,1283,9634.0,45
03/11/21,CGDFjkTHTDK,1516,14585.0,51
03/11/21,CGEX-ilnRfz,3863,23702.0,118
03/11/21,CF0oUq1njHr,5955,,117
03/11/21,CF1_1_gFP69,16831,270469.0,797
03/11/21,CF3Gy3AHyWd,1302,15852.0,43
03/11/21,CF2Oc_YAo5O,4364,,62
03/11/21,CF7XOjYnqZ4,2638,,118
03/11/21,CGA1vOWArGz,5382,,91
03/11/21,CF-XXEEpLbL,2495,24645.0,1484
03/11/21,CGBDqkBpvsT,8865,,196
03/11/21,CF4yeQagKmB,2068,15217.0,59
03/11/21,CF16zu8gZlu,16751,,391
03/11/21,CF0GdP7JLqJ,1721,11154.0,29
03/11/21,CFvXLrDHNxw,2992,17175.0,59
03/11/21,CFp-0esDFeL,1473,14654.0,30
03/11/21,CF0Y88tDl7e,1582,7411.0,21
03/11/21,CFseiSlgZxa,2344,,37
03/11/21,CFxMCAjnCbW,2357,,34
03/11/21,CF0ULUwDkiA,3702,,62
03/11/21,CFm3rg1gyn3,2573,,41
03/11/21,CFsKCbcJSmu,3793,,33
03/11/21,CFuRkJZHxuD,3201,,93
03/11/21,CF0jNNvgJFl,3247,23379.0,91
03/11/21,CF0d3bxh48K,1745,12629.0,36
03/11/21,CFhyIFiH61S,7722,48303.0,575
03/11/21,CFfLhYAHw0a,12764,,403
03/11/21,CFc9FXrpq_2,1215,8915.0,16
03/11/21,CFkMBCBnyad,2848,27240.0,78
03/11/21,CFe_Ec6oV8J,3272,19699.0,66
03/11/21,CFhYZYGDJIb,1593,11161.0,35
03/11/21,CFkgidPp0JV,3597,,62
03/11/21,CFhrBvLndwb,1394,9651.0,64
03/11/21,CFdKr6hAV88,4489,,90
03/11/21,CFiXS8lJer5,1643,11974.0,56
03/11/21,CFh_4iDpHd8,1421,11897.0,24
03/11/21,CFkwGYAgdrK,3409,,65
03/11/21,CFSKjZXHqAE,2825,25236.0,36
03/11/21,CFcxstdJPd0,1468,,15
03/11/21,CFaACP3FtoJ,5867,,55
03/11/21,CFVHX3snUr8,6420,28911.0,315
03/11/21,CFQQoY8JGFK,1017,6908.0,12
03/11/21,CFQf0TBHBQO,2062,,15
03/11/21,CFS6kBVJjqJ,2876,,27
03/11/21,CFcn8Llnd7e,2014,11927.0,42
03/11/21,CFSEhwKHWY1,17107,,833
03/11/21,CFc5UuQAZqV,2044,61433.0,35
03/11/21,CFaUV1SpAq6,3407,,228
03/11/21,CFYP2xunSG8,1733,12067.0,29
03/11/21,CFId5Aup8PK,2815,,25
03/11/21,CE4vRn2pQ78,4050,,67
03/11/21,CE1451Mg0zQ,3837,,51
03/11/21,CFKHhJWHG2v,5947,,153
03/11/21,CFC7aM8H0tA,1704,18402.0,55
03/11/21,CE4hL9anRcJ,5993,,129
03/11/21,CEzQqgYHvXk,6443,,63
03/11/21,CFPu-ahn3hb,5588,,140
03/11/21,CFFZVx4nAHc,2304,18381.0,71
03/11/21,CE7lg4Mp5TM,3052,,77
03/11/21,CE-Y-3AHAkJ,23525,122631.0,189
03/11/21,CFKcFX_nk4Y,4536,,62
03/11/21,CEnU14gnNlY,8637,,128
03/11/21,CEp3u6lH4tR,7376,,36
03/11/21,CErbs_dnFMz,2680,17922.0,117
03/11/21,CEuHYkxnIrB,1414,7329.0,45
03/11/21,CEub9V4Hah0,1572,13438.0,26
03/11/21,CEuu-Snpl_u,3041,,77
03/11/21,CEr-eXvprwU,3205,,34
03/11/21,CEpErFAnDTM,1179,11672.0,9
03/11/21,CEsLv_zpxi2,4019,34009.0,67
03/11/21,CEukiLigM0a,5309,,96
03/11/21,CEpnCFlJmvb,1995,16247.0,42
03/11/21,CEo24ZAHr0o,3020,,29
03/11/21,CEcfld4AyRp,16869,,101
03/11/21,CEh4mlLn8Dl,10571,24669.0,104
03/11/21,CEcW-ErniOC,4308,,60
03/11/21,CEmvGMBH556,1434,9331.0,32
03/11/21,CEm--EZpJ-D,981,5496.0,18
03/11/21,CEmoOCkHCJo,4102,,325
03/11/21,CEkWPevA-kC,19928,,195
03/11/21,CEb4EipFpOK,9950,15881.0,70
03/11/21,CEnL40QnXBF,1565,9373.0,35
03/11/21,CEkMVXVJojJ,15485,37445.0,214
03/11/21,CEcydNSpFKP,5645,43335.0,222
03/11/21,CEclf7pJS5Z,4015,,139
03/11/21,CEM7JpwnTef,18231,43684.0,87
03/11/21,CEK79-xnMKc,5652,42200.0,134
03/11/21,CEaBJzKJGT8,20795,37780.0,98
03/11/21,CEXY7pCJwk0,22957,35956.0,46
03/11/21,CEKSap3HnCt,1424,9446.0,19
03/11/21,CEUsDf2HgZM,5450,,246
03/11/21,CEaHR7oJO5M,24806,131253.0,636
03/11/21,CEZn7ZPHXTp,3477,,57
03/11/21,CEXnI37gGP0,25343,,182
03/11/21,CERvPcpn6VJ,45457,83982.0,210
03/11/21,CEKxAspJCUN,1127,7761.0,21
03/11/21,CEKhDuKJxlN,7576,,66
03/11/21,CD9MSroHhNX,12639,,203
03/11/21,CD4f9EHJeA7,9107,53747.0,247
03/11/21,CEIJcxwp46n,37482,95481.0,559
03/11/21,CEKEMMEn_Gh,41822,97173.0,733
03/11/21,CEF0tvWn1OW,1891,35111.0,38
03/11/21,CEIFb1_gnYX,35884,,137
03/11/21,CD-LqSBnkow,5609,,128
03/11/21,CEHkNb9HYwo,24759,36469.0,79
03/11/21,CEE7ehYH29P,2514,25801.0,70
03/11/21,CD9hK7Cpzjx,1318,,12
03/11/21,CD4r95-pAbR,10218,,179
03/11/21,CD6nfuMgQJP,5474,,52
03/11/21,CDzVU17AS8v,26105,,95
03/11/21,CDzNs5in3QB,1240,9512.0,32
03/11/21,CDwlcUnnu34,7220,,230
03/11/21,CD1sdEdn6Fu,1364,29254.0,27
03/11/21,CDxg1-CnBPf,2275,,36
03/11/21,CDwUoPEg5TK,4546,,52
03/11/21,CD18PkvpvC6,46153,164305.0,1036
03/11/21,CDuZBv8ppAs,4267,,232
03/11/21,CD4Coy1gFT9,6520,,77
03/11/21,CD2HIMNpQvS,2233,,42
03/11/21,CDwek9en3br,2950,,36
03/11/21,CD4Jfn7H63B,1866,18062.0,34
03/11/21,CDg3itcnU67,2974,,33
03/11/21,CDhMi0bJxpN,9574,,257
03/11/21,CDrK_9xA2Xv,5140,,75
03/11/21,CDjfwvWHvic,3081,,45
03/11/21,CDhOUM0JKfQ,10701,58365.0,390
03/11/21,CDuBQmLHVb4,2937,,132
03/11/21,CDgxvzZnZRL,5310,,155
03/11/21,CDhCDCIHzGc,7768,47307.0,247
03/11/21,CDuK_AVnmiu,1741,,24
03/11/21,CDoz45yAVvP,2973,,29
03/11/21,CDkJ114nj3y,3442,28087.0,63
03/11/21,CDmO1mkncqM,7573,,83
03/11/21,CDPH485JDL7,2069,,74
03/11/21,CDWPuR2nD_m,9525,,336
03/11/21,CDP1-FzAnzF,2557,,44
03/11/21,CDRrBfOJZBw,1715,9220.0,45
03/11/21,CDd-KO7n58c,13011,,337
03/11/21,CDMwbZEpVLn,1760,10488.0,40
03/11/21,CDUGagNnAsC,4897,,90
03/11/21,CDTq6y0HZxf,5415,,217
03/11/21,CDbt7E8nm7Z,3051,,91
03/11/21,CDMRJDNnfbu,6940,,282
03/11/21,CDO4bA0HIJN,4224,31648.0,52
03/11/21,CDR2sgYgiLE,4642,,363
03/11/21,CC63f9HpH9d,1979,15709.0,65
03/11/21,CDHOY-tni_8,9437,,274
03/11/21,CDCREtDAha2,1721,,20
03/11/21,CDHXLA-J75m,4124,,61
03/11/21,CDJsWsJHuCY,4004,,99
03/11/21,CC_y6E3JYKP,1702,16650.0,36
03/11/21,CDCgkhipdXQ,7275,,205
03/11/21,CC1M2Ennf1b,7222,,251
03/11/21,CC9VCmEBJxH,3754,,199
03/11/21,CC4Pwq7Jd1_,3846,,65
03/11/21,CC_gIAmnFq9,3156,,32
03/11/21,CDKA93KHIz_,10076,,255
03/11/21,CCyhLwQH06H,4138,,116
03/11/21,CClpNbvnDFf,1162,7989.0,99
03/11/21,CCbW60gHFtv,4883,,133
03/11/21,CCtlUtnnG61,2282,,61
03/11/21,CCrHcKVnaSF,3036,,55
03/11/21,CCyoDMFnK2C,2439,15468.0,76
03/11/21,CCozfBYpuDP,4820,,126
03/11/21,CCrVK-PHwB7,1102,8323.0,29
03/11/21,CCZQIbiJL4A,6972,46535.0,198
03/11/21,CCqy79RnOY2,1362,9259.0,45
03/11/21,CCgmddXHExQ,4291,,204
03/11/21,CCeIlcCHc1d,4947,,91
03/11/21,CCTufwDH1sX,1893,15882.0,70
03/11/21,CCMN2F3nUpz,23764,,1187
03/11/21,CCZF18bpRzZ,1433,13701.0,38
03/11/21,CCWVV3lHVzp,6995,,142
03/11/21,CCHAOG1plb8,4677,,199
03/11/21,CCRC3CfnTvs,3031,,46
03/11/21,CCE02eABYrC,3283,,132
03/11/21,CCY5xiEHN0L,4563,133304.0,161
03/11/21,CCHPfjcJC3o,2464,10583.0,103
03/11/21,CCMAKiSntqN,3297,,194
03/11/21,CCL5Rh3n4s1,2710,28649.0,63
03/11/21,CCGvplKHX2-,1644,15370.0,46
03/11/21,CB6o_oTg01b,5561,,152
03/11/21,CB2-S6xnyxO,5361,,134
03/11/21,CCCBlrwHV2V,6376,,70
03/11/21,CB14g-YnOwI,9598,557245.0,693
03/11/21,CByYzSrJLFR,4743,,67
03/11/21,CB3Z0y9nnNJ,3818,30138.0,378
03/11/21,CByfUv5gM5Y,1980,13501.0,82
03/11/21,CCByDePHjEC,2011,11846.0,46
03/11/21,CB01C-tHM0y,2400,27995.0,118
03/11/21,CB5jKtqnwKq,4331,,891
03/11/21,CBvy-g4H1hw,5662,,162
03/11/21,CCCYbDInNQC,1908,,381
03/11/21,CBgGbj6nlT9,7733,41601.0,204
03/11/21,CBRYMr3Jdjg,6011,50775.0,295
03/11/21,CAsn195nYKe,10848,104462.0,1258
03/11/21,CBdzRzrp23f,2237,23191.0,60
03/11/21,CBWUa3ApQr5,4660,,48
03/11/21,CA0j8V-H1Fk,7976,,186
03/11/21,CBRUvU2pI_c,1798,15843.0,60
03/11/21,CAqDQH9H0o_,7177,51965.0,658
03/11/21,CBlTiOsAvrP,52919,193318.0,2154
03/11/21,CA-VjFGgyKx,9834,,412
03/11/21,CBlooQnn8Iw,12131,,238
03/11/21,CA1dGlwgvOP,11414,,319
03/11/21,CAk5o-6H5Lv,4821,35165.0,187
03/11/21,CAiUy76nNqo,5174,30517.0,239
03/11/21,CAlHYSXpePT,12976,,367
03/11/21,CAa1GhRn1ML,27778,,229
03/11/21,CAa1H3fnb2h,53364,,2404
03/11/21,CAfxbDiHqBr,7622,41859.0,638
03/11/21,CAdMUyyHfrD,23532,82105.0,907
03/11/21,CAa1AArHh2B,25528,,170
03/11/21,CAneQT6HRPL,5134,32619.0,226
03/11/21,CAa0-adHDW7,30545,,463
03/11/21,CAdYz-fHYyC,4475,21115.0,142
03/11/21,CAdv7oYJ73d,4488,,252
03/11/21,CAVjs_fnyw0,4036,81532.0,492
03/11/21,CAYn2JMA1dj,6942,,365
03/11/21,CAOHAQSJW1h,12009,,709
03/11/21,CAJGvwPJUho,1886,19351.0,155
03/11/21,CAFrZsknsoY,3275,24118.0,126
03/11/21,CAa08VGng3Y,27926,,238
03/11/21,CAEE8IFnimT,12554,,788
03/11/21,CAI2ODVA9X0,5861,,176
03/11/21,CALrESJJaJN,4375,22840.0,372
03/11/21,CAa04XfnAia,34007,,528
03/11/21,CAa05_MnJ0S,29416,,316
03/11/21,CAa02LJH2zB,54125,,2252
03/11/21,B_0DQvRHz39,3228,28554.0,103
03/11/21,B_n2p4WpdW2,1486,11692.0,44
03/11/21,B_iLzRPHsWZ,7444,,182
03/11/21,CAA5y7bpCRh,1541,18342.0,52
03/11/21,B_3PU9IAN3f,35403,278039.0,512
03/11/21,B_xgqhkHF1Y,2372,17530.0,90
03/11/21,B_7mEEDnCvs,5037,37437.0,254
03/11/21,B_qnlnvHH0H,3711,34085.0,254
03/11/21,B_nV436njTd,2635,,108
03/11/21,B_fl9aVnSmr,3749,,108
03/11/21,B_prRcgHMrz,4004,23595.0,143
03/11/21,B_1SoMegZcm,13132,,316
